event_id,name,kind,published_lat,published_lon,location_basis,match_m,start,start_time_ist,end,fire_lat,fire_lon,radius_m,source,notes
BAGHJAN-2020,Baghjan well No. 5 blowout (Tinsukia; Assam),well_blowout,27.604,95.405,wikipedia: oilfield point (not the well),3000,2020-06-09,,2020-11-15,27.5962,95.3793,1000,https://en.wikipedia.org/wiki/2020_Assam_gas_and_oil_leak,"Blowout 27 May 2020; fire from 9 June; well killed 15 November. The published point is a persistent flare (registry source 549); the fire itself is the centroid of the 557 VIIRS detections within 5 km between the published dates (2.7 km WSW; sd ~300 m), used only by check_baghjan.py. The same months of 2019 had 3 detections there."
HAZIRA-ONGC-2020,ONGC Hazira gas processing plant fire (Surat; Gujarat),gas_plant_fire,21.157870,72.730929,wikipedia: plant point,2000,2020-09-24,03:05,,,,,https://en.wikipedia.org/wiki/Hazira_Gas_Processing_Complex,"Explosions and fire in the terminal before dawn."
URAN-ONGC-2019,ONGC Uran gas processing plant fire (Raigad; Maharashtra),gas_plant_fire,18.8641,72.9274,osm w49501334: unnamed works (1.04 km2) with a flare node; the ONGC plant by position not by name,1100,2019-09-03,07:00,2019-09-03,,,,https://www.tribuneindia.com/news/archive/nation/fire-at-ongc-kills-four-disrupts-cng-supply-to-mumbai-surrounding-areas-827207/,"Fire in a storm-water drain spread with explosions; doused about 10:00; 4 killed."
BPCL-MUMBAI-2018,BPCL Mumbai refinery hydrocracker fire (Mahul; Chembur),refinery_fire,19.0171,72.8942,osm w430012318: Mumbai Refinery Mahul (operator BPCL; 1.77 km2),1300,2018-08-08,14:45,,,,,https://scroll.in/latest/889706/mumbai-fire-breaks-out-at-bharat-petroleum-plant-in-chembur,"Explosion in the hydrocracker compressor shed, then fire; 43 injured."
HPCL-VISAKH-2013,HPCL Visakh refinery cooling-tower fire (Visakhapatnam),refinery_fire,17.6943,83.2450,osm w280178624: HPCL Visakh refinery (1.83 km2),1300,2013-08-23,16:46,,,,,http://www.pngrb.gov.in/pdf/ERDMP/Analysis%20of%20incidents%20reported%20to%20PNGRB%20from%20July%202013%20to%20Dec%202014.pdf,"Explosion and fire when a water line was opened; the cooling tower burned and collapsed. Also https://safety.iitgn.ac.in/hpcl_refinery/"
HPCL-VISAKH-2021,HPCL Visakh refinery CDU-III fire (Visakhapatnam),refinery_fire,17.6943,83.2450,osm w280178624: HPCL Visakh refinery (1.83 km2),1300,2021-05-25,15:00,2021-05-25,,,,https://www.hindustanpetroleum.com/NewsroomDetails/334,"Fire in the overhead system of crude unit CDU-III; put out quickly by six fire tenders; no injuries."
IOC-HALDIA-2021,IOC Haldia refinery flash fire (Purba Medinipur; West Bengal),refinery_fire,22.048028,88.106528,wikipedia: refinery point,2000,2021-12-21,15:00,,,,,https://en.wikipedia.org/wiki/Haldia_Refinery,"Flash fire in a process unit."
GAIL-NAGARAM-2014,GAIL gas pipeline explosion and fire (Nagaram; East Godavari),pipeline_fire,16.501106,81.910726,wikipedia: explosion point,2000,2014-06-27,05:30,2014-06-27,,,,https://en.wikipedia.org/wiki/2014_GAIL_pipeline_explosion,"A leaking 18-inch line ignited; burned about three hours; 23 killed."
NLC-NEYVELI-2020,NLC Neyveli TPS-II unit 5 boiler explosion (Cuddalore; Tamil Nadu),boiler_explosion,11.5541,79.4423,osm: Neyveli Thermal Power Station II (3.10 km2),1500,2020-07-01,09:45,,,,,https://india.mongabay.com/2020/07/with-boiler-blast-the-neyveli-power-station-becomes-a-fiery-grave/,"Boiler blast and fire during maintenance; 13 killed. The second fatal explosion at the station in two months."
SAIL-BHILAI-2018,Bhilai Steel Plant coke-oven gas pipeline explosion (Durg; Chhattisgarh),steel_plant_explosion,21.1837,81.3838,osm w65310813: Bhilai Steel Plant (14.37 km2),2600,2018-10-09,10:30,,,,,https://www.industriall-union.org/death-toll-rises-to-12-in-indian-steel-plant-blast,"Explosion and fire on the gas line of coke oven battery 11 during maintenance; 12 killed."
TATA-JAMSHEDPUR-2022,Tata Steel Jamshedpur coke plant gas-line blast and fire,steel_plant_explosion,22.7854,86.1995,osm: Tata Steel Jamshedpur works (6.93 km2),2000,2022-05-07,10:20,,,,,https://www.business-standard.com/article/companies/fire-breaks-out-at-tata-steel-s-jamshedpur-plant-two-workers-injured-122050700716_1.html,"Blast in the foul-gas line of coke battery 6 (being dismantled), then fire; 3 injured."
DEEPAK-NANDESARI-2022,Deepak Nitrite plant explosion and fire (Nandesari; Vadodara),chemical_plant_fire,22.41780,73.09491,nominatim: Nandesari railway station (estate-level),3000,2022-06-02,18:00,,,,,https://www.indianchemicalnews.com/general/deepak-nitrites-clarification-on-incident-at-nandesari-facility-13760,"Blast and fire around the warehouse section; controlled within a couple of hours; about 700 residents moved."
VISAKHA-SOLVENTS-2020,Visakha Solvents reactor explosions and fire (JN Pharma City; Parawada),chemical_plant_fire,17.6597,83.0823,osm: Jawaharlal Nehru Pharma City estate outline (6.26 km2),1900,2020-07-13,23:00,,,,,https://www.deccanchronicle.com/nation/in-other-news/140720/anakapalle-chemist-charred-to-death-in-visakha-solvents-pharma-city-fi.html,"Reactor explosions, then fire; 1 killed."
PORUS-AKKIREDDIGUDEM-2022,Porus Laboratories reactor explosion and fire (Akkireddigudem; Eluru),chemical_plant_fire,16.88149,80.90325,nominatim: Akkireddigudem village in Musunuru mandal (village-level; a second village shares the name),3000,2022-04-13,,,,,,https://newsmeter.in/top-stories/porus-laboratories-inferno-6-workers-charred-to-death-12-injured-in-eluru-694234,"Reactor explosion at night; 6 killed. The report gives only 'Wednesday night', so no time-to-detect."
AETHER-SACHIN-2023,Aether Industries reactor blast and fire (Sachin GIDC; Surat),chemical_plant_fire,21.0927,72.8581,osm: Sachin GIDC estate outline (6.47 km2),1900,2023-11-29,01:35,2023-11-29,,,,https://www.indianchemicalnews.com/general/fire-at-aether-industries-leaves-22-workers-injured-19734,"Under control about 08:30; 7 killed."
AMUDAN-DOMBIVLI-2024,Amudan Chemicals reactor explosion and fire (Dombivli MIDC; Thane),chemical_plant_fire,19.20978,73.10549,nominatim: MIDC Road; Dombivli East (estate-level),3000,2024-05-23,13:40,,,,,https://www.business-standard.com/india-news/6-injured-in-fire-following-boiler-blast-at-chemical-factory-in-thane-124052300928_1.html,"Fire spread to neighbouring factories; 10 killed. Wikipedia (2024 Thane explosion) gives 13:30."
HARDA-2024,Harda firecracker factory explosion (Bairagarh; Madhya Pradesh),fireworks_explosion,22.32772,77.07870,nominatim: Bairagarh village boundary (village-level),3000,2024-02-06,11:00,,,,,https://www.indiatvnews.com/madhya-pradesh/harda-factory-fire-illegal-firecracker-factories-sealed-in-madhya-pradesh-indore-chief-minister-mohan-yadav-opposition-latest-updates-2024-02-08-915932,"Explosions and fire; reports give 11:00-11:30; 11 killed."
SOLAR-NAGPUR-2023,Solar Industries cast-booster plant explosion (Bazargaon; Nagpur),explosives_explosion,21.13875,78.77114,nominatim: Bazargaon village (village-level),3000,2023-12-17,09:30,,,,,https://www.businesstoday.in/latest/trends/story/maharashtra-9-killed-3-injured-in-a-blast-at-solar-industries-nagpur-factory-409778-2023-12-17,"Explosion during packing in the cast booster plant; 9 killed."
DAHEJ-YASHASHVI-2020,Yashashvi Rasayan tank explosions and fire (Dahej; Bharuch),chemical_plant_fire,,,not located,,2020-06-03,12:00,,,,,https://en.wikipedia.org/wiki/2020_Dahej_chemical_plant_explosion,"Fire took about six hours to control. Not located to the plant: Dahej's estates hold several flaring plants, so an estate-level radius would score their routine flares. Needs a person to pin the plot."
ESCIENTIA-ATCHUTAPURAM-2024,Escientia Advanced Sciences reactor explosion and fire (Atchutapuram SEZ; Anakapalli),chemical_plant_fire,,,not located,,2024-08-21,14:15,,,,,https://en.wikipedia.org/wiki/Atchutapuram_pharmaceutical_factory_explosion,"18 killed. Not located to the plant: the SEZ is not mapped by name in OSM. Needs a person to pin the plot."
